image,state
img1.jpg,natural
img1_aug_1.jpg,natural
img1_aug_2.jpg,natural
img1_aug_3.jpg,natural
img1_aug_4.jpg,natural
img2.jpg,heated
img2_aug_1.jpg,heated
img2_aug_2.jpg,heated
img2_aug_3.jpg,heated
img2_aug_4.jpg,heated
img3.jpg,natural
img3_aug_1.jpg,natural
img3_aug_2.jpg,natural
img3_aug_3.jpg,natural
img3_aug_4.jpg,natural
img4.jpg,synthetic
img4_aug_1.jpg,synthetic
img4_aug_2.jpg,synthetic
img4_aug_3.jpg,synthetic
img4_aug_4.jpg,synthetic
img5.jpg,heated
img5_aug_1.jpg,heated
img5_aug_2.jpg,heated
img5_aug_3.jpg,heated
img5_aug_4.jpg,heated
img6.jpg,natural
img6_aug_1.jpg,natural
img6_aug_2.jpg,natural
img6_aug_3.jpg,natural
img6_aug_4.jpg,natural
img7.jpg,natural
img7_aug_1.jpg,natural
img7_aug_2.jpg,natural
img7_aug_3.jpg,natural
img7_aug_4.jpg,natural
img8.jpg,natural
img8_aug_1.jpg,natural
img8_aug_2.jpg,natural
img8_aug_3.jpg,natural
img8_aug_4.jpg,natural
img9.jpg,natural
img9_aug_1.jpg,natural
img9_aug_2.jpg,natural
img9_aug_3.jpg,natural
img9_aug_4.jpg,natural
img10.jpg,natural
img10_aug_1.jpg,natural
img10_aug_2.jpg,natural
img10_aug_3.jpg,natural
img10_aug_4.jpg,natural
img11.jpg,natural
img11_aug_1.jpg,natural
img11_aug_2.jpg,natural
img11_aug_3.jpg,natural
img11_aug_4.jpg,natural
img12.jpg,natural
img12_aug_1.jpg,natural
img12_aug_2.jpg,natural
img12_aug_3.jpg,natural
img12_aug_4.jpg,natural
img13.jpg,natural
img13_aug_1.jpg,natural
img13_aug_2.jpg,natural
img13_aug_3.jpg,natural
img13_aug_4.jpg,natural
img14.jpg,natural
img14_aug_1.jpg,natural
img14_aug_2.jpg,natural
img14_aug_3.jpg,natural
img14_aug_4.jpg,natural
img15.jpg,natural
img15_aug_1.jpg,natural
img15_aug_2.jpg,natural
img15_aug_3.jpg,natural
img15_aug_4.jpg,natural
img16.jpg,natural
img16_aug_1.jpg,natural
img16_aug_2.jpg,natural
img16_aug_3.jpg,natural
img16_aug_4.jpg,natural
img17.jpg,heated
img17_aug_1.jpg,heated
img17_aug_2.jpg,heated
img17_aug_3.jpg,heated
img17_aug_4.jpg,heated
img18.jpg,heated
img18_aug_1.jpg,heated
img18_aug_2.jpg,heated
img18_aug_3.jpg,heated
img18_aug_4.jpg,heated
img19.jpg,heated
img19_aug_1.jpg,heated
img19_aug_2.jpg,heated
img19_aug_3.jpg,heated
img19_aug_4.jpg,heated
img20.jpg,heated
img20_aug_1.jpg,heated
img20_aug_2.jpg,heated
img20_aug_3.jpg,heated
img20_aug_4.jpg,heated
img21.jpg,heated
img21_aug_1.jpg,heated
img21_aug_2.jpg,heated
img21_aug_3.jpg,heated
img21_aug_4.jpg,heated
img22.jpg,heated
img22_aug_1.jpg,heated
img22_aug_2.jpg,heated
img22_aug_3.jpg,heated
img22_aug_4.jpg,heated
img23.jpg,heated
img23_aug_1.jpg,heated
img23_aug_2.jpg,heated
img23_aug_3.jpg,heated
img23_aug_4.jpg,heated
img24.jpg,heated
img24_aug_1.jpg,heated
img24_aug_2.jpg,heated
img24_aug_3.jpg,heated
img24_aug_4.jpg,heated
img25.jpg,heated
img25_aug_1.jpg,heated
img25_aug_2.jpg,heated
img25_aug_3.jpg,heated
img25_aug_4.jpg,heated
img26.jpg,heated
img26_aug_1.jpg,heated
img26_aug_2.jpg,heated
img26_aug_3.jpg,heated
img26_aug_4.jpg,heated
img27.jpg,heated
img27_aug_1.jpg,heated
img27_aug_2.jpg,heated
img27_aug_3.jpg,heated
img27_aug_4.jpg,heated
img28.jpg,synthetic
img28_aug_1.jpg,synthetic
img28_aug_2.jpg,synthetic
img28_aug_3.jpg,synthetic
img28_aug_4.jpg,synthetic
img29.jpg,synthetic
img29_aug_1.jpg,synthetic
img29_aug_2.jpg,synthetic
img29_aug_3.jpg,synthetic
img29_aug_4.jpg,synthetic
img30.jpg,synthetic
img30_aug_1.jpg,synthetic
img30_aug_2.jpg,synthetic
img30_aug_3.jpg,synthetic
img30_aug_4.jpg,synthetic
img31.jpg,synthetic
img31_aug_1.jpg,synthetic
img31_aug_2.jpg,synthetic
img31_aug_3.jpg,synthetic
img31_aug_4.jpg,synthetic
img32.jpg,synthetic
img32_aug_1.jpg,synthetic
img32_aug_2.jpg,synthetic
img32_aug_3.jpg,synthetic
img32_aug_4.jpg,synthetic
img33.jpg,synthetic
img33_aug_1.jpg,synthetic
img33_aug_2.jpg,synthetic
img33_aug_3.jpg,synthetic
img33_aug_4.jpg,synthetic
img34.jpg,synthetic
img34_aug_1.jpg,synthetic
img34_aug_2.jpg,synthetic
img34_aug_3.jpg,synthetic
img34_aug_4.jpg,synthetic
img35.jpg,synthetic
img35_aug_1.jpg,synthetic
img35_aug_2.jpg,synthetic
img35_aug_3.jpg,synthetic
img35_aug_4.jpg,synthetic
img36.jpg,synthetic
img36_aug_1.jpg,synthetic
img36_aug_2.jpg,synthetic
img36_aug_3.jpg,synthetic
img36_aug_4.jpg,synthetic
img37.jpg,synthetic
img37_aug_1.jpg,synthetic
img37_aug_2.jpg,synthetic
img37_aug_3.jpg,synthetic
img37_aug_4.jpg,synthetic
img38.jpg,synthetic
img38_aug_1.jpg,synthetic
img38_aug_2.jpg,synthetic
img38_aug_3.jpg,synthetic
img38_aug_4.jpg,synthetic
img39.jpg,synthetic
img39_aug_1.jpg,synthetic
img39_aug_2.jpg,synthetic
img39_aug_3.jpg,synthetic
img39_aug_4.jpg,synthetic
img40.jpg,synthetic
img40_aug_1.jpg,synthetic
img40_aug_2.jpg,synthetic
img40_aug_3.jpg,synthetic
img40_aug_4.jpg,synthetic
img41.jpg,synthetic
img41_aug_1.jpg,synthetic
img41_aug_2.jpg,synthetic
img41_aug_3.jpg,synthetic
img41_aug_4.jpg,synthetic
img42.jpg,synthetic
img42_aug_1.jpg,synthetic
img42_aug_2.jpg,synthetic
img42_aug_3.jpg,synthetic
img42_aug_4.jpg,synthetic
img43.jpg,synthetic
img43_aug_1.jpg,synthetic
img43_aug_2.jpg,synthetic
img43_aug_3.jpg,synthetic
img43_aug_4.jpg,synthetic
img44.jpg,synthetic
img44_aug_1.jpg,synthetic
img44_aug_2.jpg,synthetic
img44_aug_3.jpg,synthetic
img44_aug_4.jpg,synthetic
img45.jpg,synthetic
img45_aug_1.jpg,synthetic
img45_aug_2.jpg,synthetic
img45_aug_3.jpg,synthetic
img45_aug_4.jpg,synthetic
img46.jpg,synthetic
img46_aug_1.jpg,synthetic
img46_aug_2.jpg,synthetic
img46_aug_3.jpg,synthetic
img46_aug_4.jpg,synthetic
BS(N)1.jpg,natural
BS(N)1_aug_1.jpg,natural
BS(N)1_aug_2.jpg,natural
BS(N)1_aug_3.jpg,natural
BS(N)1_aug_4.jpg,natural
BS(N)2.jpg,natural
BS(N)2_aug_1.jpg,natural
BS(N)2_aug_2.jpg,natural
BS(N)2_aug_3.jpg,natural
BS(N)2_aug_4.jpg,natural
BS(N)3.jpg,natural
BS(N)3_aug_1.jpg,natural
BS(N)3_aug_2.jpg,natural
BS(N)3_aug_3.jpg,natural
BS(N)3_aug_4.jpg,natural
BS(N)4.jpg,natural
BS(N)4_aug_1.jpg,natural
BS(N)4_aug_2.jpg,natural
BS(N)4_aug_3.jpg,natural
BS(N)4_aug_4.jpg,natural
BS(N)5.jpg,natural
BS(N)5_aug_1.jpg,natural
BS(N)5_aug_2.jpg,natural
BS(N)5_aug_3.jpg,natural
BS(N)5_aug_4.jpg,natural
BS(N)6.jpg,natural
BS(N)6_aug_1.jpg,natural
BS(N)6_aug_2.jpg,natural
BS(N)6_aug_3.jpg,natural
BS(N)6_aug_4.jpg,natural
BS(N)7.jpg,natural
BS(N)7_aug_1.jpg,natural
BS(N)7_aug_2.jpg,natural
BS(N)7_aug_3.jpg,natural
BS(N)7_aug_4.jpg,natural
BS(N)8.jpg,natural
BS(N)8_aug_1.jpg,natural
BS(N)8_aug_2.jpg,natural
BS(N)8_aug_3.jpg,natural
BS(N)8_aug_4.jpg,natural
BS(N)9.jpg,natural
BS(N)9_aug_1.jpg,natural
BS(N)9_aug_2.jpg,natural
BS(N)9_aug_3.jpg,natural
BS(N)9_aug_4.jpg,natural
BS(N)10.jpg,natural
BS(N)10_aug_1.jpg,natural
BS(N)10_aug_2.jpg,natural
BS(N)10_aug_3.jpg,natural
BS(N)10_aug_4.jpg,natural
BS(N)11.jpg,natural
BS(N)11_aug_1.jpg,natural
BS(N)11_aug_2.jpg,natural
BS(N)11_aug_3.jpg,natural
BS(N)11_aug_4.jpg,natural
BS(N)12.jpg,natural
BS(N)12_aug_1.jpg,natural
BS(N)12_aug_2.jpg,natural
BS(N)12_aug_3.jpg,natural
BS(N)12_aug_4.jpg,natural
BS(N)13.jpg,natural
BS(N)13_aug_1.jpg,natural
BS(N)13_aug_2.jpg,natural
BS(N)13_aug_3.jpg,natural
BS(N)13_aug_4.jpg,natural
BS(N)14.jpg,natural
BS(N)14_aug_1.jpg,natural
BS(N)14_aug_2.jpg,natural
BS(N)14_aug_3.jpg,natural
BS(N)14_aug_4.jpg,natural
BS(N)15.jpg,natural
BS(N)15_aug_1.jpg,natural
BS(N)15_aug_2.jpg,natural
BS(N)15_aug_3.jpg,natural
BS(N)15_aug_4.jpg,natural
BS(N)16.jpg,natural
BS(N)16_aug_1.jpg,natural
BS(N)16_aug_2.jpg,natural
BS(N)16_aug_3.jpg,natural
BS(N)16_aug_4.jpg,natural
BS(N)17.jpg,natural
BS(N)17_aug_1.jpg,natural
BS(N)17_aug_2.jpg,natural
BS(N)17_aug_3.jpg,natural
BS(N)17_aug_4.jpg,natural
BS(N)18.jpg,natural
BS(N)18_aug_1.jpg,natural
BS(N)18_aug_2.jpg,natural
BS(N)18_aug_3.jpg,natural
BS(N)18_aug_4.jpg,natural
BS(N)19.jpg,natural
BS(N)19_aug_1.jpg,natural
BS(N)19_aug_2.jpg,natural
BS(N)19_aug_3.jpg,natural
BS(N)19_aug_4.jpg,natural
VS(N)1.jpg,natural
VS(N)1_aug_1.jpg,natural
VS(N)1_aug_2.jpg,natural
VS(N)1_aug_3.jpg,natural
VS(N)1_aug_4.jpg,natural
VS(N)2.jpg,natural
VS(N)2_aug_1.jpg,natural
VS(N)2_aug_2.jpg,natural
VS(N)2_aug_3.jpg,natural
VS(N)2_aug_4.jpg,natural
YS(N)1.jpg,natural
YS(N)1_aug_1.jpg,natural
YS(N)1_aug_2.jpg,natural
YS(N)1_aug_3.jpg,natural
YS(N)1_aug_4.jpg,natural
YS(N)2.jpg,natural
YS(N)2_aug_1.jpg,natural
YS(N)2_aug_2.jpg,natural
YS(N)2_aug_3.jpg,natural
YS(N)2_aug_4.jpg,natural
PS(N)1.jpg,natural
PS(N)1_aug_1.jpg,natural
PS(N)1_aug_2.jpg,natural
PS(N)1_aug_3.jpg,natural
PS(N)1_aug_4.jpg,natural
S(N)20.jpg,natural
S(N)20_aug_1.jpg,natural
S(N)20_aug_2.jpg,natural
S(N)20_aug_3.jpg,natural
S(N)20_aug_4.jpg,natural
S(N)21.jpg,natural
S(N)21_aug_1.jpg,natural
S(N)21_aug_2.jpg,natural
S(N)21_aug_3.jpg,natural
S(N)21_aug_4.jpg,natural
S(N)22.jpg,natural
S(N)22_aug_1.jpg,natural
S(N)22_aug_2.jpg,natural
S(N)22_aug_3.jpg,natural
S(N)22_aug_4.jpg,natural
S(N)23.jpg,natural
S(N)23_aug_1.jpg,natural
S(N)23_aug_2.jpg,natural
S(N)23_aug_3.jpg,natural
S(N)23_aug_4.jpg,natural
S(N)24.jpg,natural
S(N)24_aug_1.jpg,natural
S(N)24_aug_2.jpg,natural
S(N)24_aug_3.jpg,natural
S(N)24_aug_4.jpg,natural
S(N)25.jpg,natural
S(N)25_aug_1.jpg,natural
S(N)25_aug_2.jpg,natural
S(N)25_aug_3.jpg,natural
S(N)25_aug_4.jpg,natural
S(N)26.jpg,natural
S(N)26_aug_1.jpg,natural
S(N)26_aug_2.jpg,natural
S(N)26_aug_3.jpg,natural
S(N)26_aug_4.jpg,natural
S(N)27.jpg,natural
S(N)27_aug_1.jpg,natural
S(N)27_aug_2.jpg,natural
S(N)27_aug_3.jpg,natural
S(N)27_aug_4.jpg,natural
S(N)28.jpg,natural
S(N)28_aug_1.jpg,natural
S(N)28_aug_2.jpg,natural
S(N)28_aug_3.jpg,natural
S(N)28_aug_4.jpg,natural
S(N)29.jpg,natural
S(N)29_aug_1.jpg,natural
S(N)29_aug_2.jpg,natural
S(N)29_aug_3.jpg,natural
S(N)29_aug_4.jpg,natural
S(N)30.jpg,natural
S(N)30_aug_1.jpg,natural
S(N)30_aug_2.jpg,natural
S(N)30_aug_3.jpg,natural
S(N)30_aug_4.jpg,natural
S(N)31.jpg,natural
S(N)31_aug_1.jpg,natural
S(N)31_aug_2.jpg,natural
S(N)31_aug_3.jpg,natural
S(N)31_aug_4.jpg,natural
S(N)32.jpg,natural
S(N)32_aug_1.jpg,natural
S(N)32_aug_2.jpg,natural
S(N)32_aug_3.jpg,natural
S(N)32_aug_4.jpg,natural
S(N)33.jpg,natural
S(N)33_aug_1.jpg,natural
S(N)33_aug_2.jpg,natural
S(N)33_aug_3.jpg,natural
S(N)33_aug_4.jpg,natural
S(N)34.jpg,natural
S(N)34_aug_1.jpg,natural
S(N)34_aug_2.jpg,natural
S(N)34_aug_3.jpg,natural
S(N)34_aug_4.jpg,natural
S(N)35.jpg,natural
S(N)35_aug_1.jpg,natural
S(N)35_aug_2.jpg,natural
S(N)35_aug_3.jpg,natural
S(N)35_aug_4.jpg,natural
S(N)36.jpg,natural
S(N)36_aug_1.jpg,natural
S(N)36_aug_2.jpg,natural
S(N)36_aug_3.jpg,natural
S(N)36_aug_4.jpg,natural
S(N)37.jpg,natural
S(N)37_aug_1.jpg,natural
S(N)37_aug_2.jpg,natural
S(N)37_aug_3.jpg,natural
S(N)37_aug_4.jpg,natural
S(N)38.jpg,natural
S(N)38_aug_1.jpg,natural
S(N)38_aug_2.jpg,natural
S(N)38_aug_3.jpg,natural
S(N)38_aug_4.jpg,natural
S(N)39.jpg,natural
S(N)39_aug_1.jpg,natural
S(N)39_aug_2.jpg,natural
S(N)39_aug_3.jpg,natural
S(N)39_aug_4.jpg,natural
S(N)40.jpg,natural
S(N)40_aug_1.jpg,natural
S(N)40_aug_2.jpg,natural
S(N)40_aug_3.jpg,natural
S(N)40_aug_4.jpg,natural
S(N)41.jpg,natural
S(N)41_aug_1.jpg,natural
S(N)41_aug_2.jpg,natural
S(N)41_aug_3.jpg,natural
S(N)41_aug_4.jpg,natural
S(N)42.jpg,natural
S(N)42_aug_1.jpg,natural
S(N)42_aug_2.jpg,natural
S(N)42_aug_3.jpg,natural
S(N)42_aug_4.jpg,natural
S(N)43.jpg,natural
S(N)43_aug_1.jpg,natural
S(N)43_aug_2.jpg,natural
S(N)43_aug_3.jpg,natural
S(N)43_aug_4.jpg,natural
S(N)44.jpg,natural
S(N)44_aug_1.jpg,natural
S(N)44_aug_2.jpg,natural
S(N)44_aug_3.jpg,natural
S(N)44_aug_4.jpg,natural
S(N)45.jpg,natural
S(N)45_aug_1.jpg,natural
S(N)45_aug_2.jpg,natural
S(N)45_aug_3.jpg,natural
S(N)45_aug_4.jpg,natural
S(N)46.jpg,natural
S(N)46_aug_1.jpg,natural
S(N)46_aug_2.jpg,natural
S(N)46_aug_3.jpg,natural
S(N)46_aug_4.jpg,natural
S(N)47.jpg,natural
S(N)47_aug_1.jpg,natural
S(N)47_aug_2.jpg,natural
S(N)47_aug_3.jpg,natural
S(N)47_aug_4.jpg,natural
S(N)48.jpg,natural
S(N)48_aug_1.jpg,natural
S(N)48_aug_2.jpg,natural
S(N)48_aug_3.jpg,natural
S(N)48_aug_4.jpg,natural
S(N)49.jpg,natural
S(N)49_aug_1.jpg,natural
S(N)49_aug_2.jpg,natural
S(N)49_aug_3.jpg,natural
S(N)49_aug_4.jpg,natural
S(N)50.jpg,natural
S(N)50_aug_1.jpg,natural
S(N)50_aug_2.jpg,natural
S(N)50_aug_3.jpg,natural
S(N)50_aug_4.jpg,natural
S(N)51.jpg,natural
S(N)51_aug_1.jpg,natural
S(N)51_aug_2.jpg,natural
S(N)51_aug_3.jpg,natural
S(N)51_aug_4.jpg,natural
S(N)52.jpg,natural
S(N)52_aug_1.jpg,natural
S(N)52_aug_2.jpg,natural
S(N)52_aug_3.jpg,natural
S(N)52_aug_4.jpg,natural
S(N)53.jpg,natural
S(N)53_aug_1.jpg,natural
S(N)53_aug_2.jpg,natural
S(N)53_aug_3.jpg,natural
S(N)53_aug_4.jpg,natural
S(N)54.jpg,natural
S(N)54_aug_1.jpg,natural
S(N)54_aug_2.jpg,natural
S(N)54_aug_3.jpg,natural
S(N)54_aug_4.jpg,natural
S(N)55.jpg,natural
S(N)55_aug_1.jpg,natural
S(N)55_aug_2.jpg,natural
S(N)55_aug_3.jpg,natural
S(N)55_aug_4.jpg,natural
S(N)56.jpg,natural
S(N)56_aug_1.jpg,natural
S(N)56_aug_2.jpg,natural
S(N)56_aug_3.jpg,natural
S(N)56_aug_4.jpg,natural
S(N)57.jpg,natural
S(N)57_aug_1.jpg,natural
S(N)57_aug_2.jpg,natural
S(N)57_aug_3.jpg,natural
S(N)57_aug_4.jpg,natural
S(N)58.jpg,natural
S(N)58_aug_1.jpg,natural
S(N)58_aug_2.jpg,natural
S(N)58_aug_3.jpg,natural
S(N)58_aug_4.jpg,natural
S(N)59.jpg,natural
S(N)59_aug_1.jpg,natural
S(N)59_aug_2.jpg,natural
S(N)59_aug_3.jpg,natural
S(N)59_aug_4.jpg,natural
S(N)60.jpg,natural
S(N)60_aug_1.jpg,natural
S(N)60_aug_2.jpg,natural
S(N)60_aug_3.jpg,natural
S(N)60_aug_4.jpg,natural
S(N)61.jpg,natural
S(N)61_aug_1.jpg,natural
S(N)61_aug_2.jpg,natural
S(N)61_aug_3.jpg,natural
S(N)61_aug_4.jpg,natural
S(N)62.jpg,natural
S(N)62_aug_1.jpg,natural
S(N)62_aug_2.jpg,natural
S(N)62_aug_3.jpg,natural
S(N)62_aug_4.jpg,natural
S(N)63.jpg,natural
S(N)63_aug_1.jpg,natural
S(N)63_aug_2.jpg,natural
S(N)63_aug_3.jpg,natural
S(N)63_aug_4.jpg,natural
S(N)64.jpg,natural
S(N)64_aug_1.jpg,natural
S(N)64_aug_2.jpg,natural
S(N)64_aug_3.jpg,natural
S(N)64_aug_4.jpg,natural
S(N)65.jpg,natural
S(N)65_aug_1.jpg,natural
S(N)65_aug_2.jpg,natural
S(N)65_aug_3.jpg,natural
S(N)65_aug_4.jpg,natural
S(N)66.jpg,natural
S(N)66_aug_1.jpg,natural
S(N)66_aug_2.jpg,natural
S(N)66_aug_3.jpg,natural
S(N)66_aug_4.jpg,natural
S(N)67.jpg,natural
S(N)67_aug_1.jpg,natural
S(N)67_aug_2.jpg,natural
S(N)67_aug_3.jpg,natural
S(N)67_aug_4.jpg,natural
S(N)68.jpg,natural
S(N)68_aug_1.jpg,natural
S(N)68_aug_2.jpg,natural
S(N)68_aug_3.jpg,natural
S(N)68_aug_4.jpg,natural
S(N)69.jpg,natural
S(N)69_aug_1.jpg,natural
S(N)69_aug_2.jpg,natural
S(N)69_aug_3.jpg,natural
S(N)69_aug_4.jpg,natural
S(N)70.jpg,natural
S(N)70_aug_1.jpg,natural
S(N)70_aug_2.jpg,natural
S(N)70_aug_3.jpg,natural
S(N)70_aug_4.jpg,natural
S(N)71.jpg,natural
S(N)71_aug_1.jpg,natural
S(N)71_aug_2.jpg,natural
S(N)71_aug_3.jpg,natural
S(N)71_aug_4.jpg,natural
S(N)72.jpg,natural
S(N)72_aug_1.jpg,natural
S(N)72_aug_2.jpg,natural
S(N)72_aug_3.jpg,natural
S(N)72_aug_4.jpg,natural
S(N)73.jpg,natural
S(N)73_aug_1.jpg,natural
S(N)73_aug_2.jpg,natural
S(N)73_aug_3.jpg,natural
S(N)73_aug_4.jpg,natural
S(N)74.jpg,natural
S(N)74_aug_1.jpg,natural
S(N)74_aug_2.jpg,natural
S(N)74_aug_3.jpg,natural
S(N)74_aug_4.jpg,natural
S(N)75.jpg,natural
S(N)75_aug_1.jpg,natural
S(N)75_aug_2.jpg,natural
S(N)75_aug_3.jpg,natural
S(N)75_aug_4.jpg,natural
S(N)76.jpg,natural
S(N)76_aug_1.jpg,natural
S(N)76_aug_2.jpg,natural
S(N)76_aug_3.jpg,natural
S(N)76_aug_4.jpg,natural
S(N)77.jpg,natural
S(N)77_aug_1.jpg,natural
S(N)77_aug_2.jpg,natural
S(N)77_aug_3.jpg,natural
S(N)77_aug_4.jpg,natural
S(N)78.jpg,natural
S(N)78_aug_1.jpg,natural
S(N)78_aug_2.jpg,natural
S(N)78_aug_3.jpg,natural
S(N)78_aug_4.jpg,natural
S(N)79.jpg,natural
S(N)79_aug_1.jpg,natural
S(N)79_aug_2.jpg,natural
S(N)79_aug_3.jpg,natural
S(N)79_aug_4.jpg,natural
S(N)80.jpg,natural
S(N)80_aug_1.jpg,natural
S(N)80_aug_2.jpg,natural
S(N)80_aug_3.jpg,natural
S(N)80_aug_4.jpg,natural
S(N)81.jpg,natural
S(N)81_aug_1.jpg,natural
S(N)81_aug_2.jpg,natural
S(N)81_aug_3.jpg,natural
S(N)81_aug_4.jpg,natural
S(N)82.jpg,natural
S(N)82_aug_1.jpg,natural
S(N)82_aug_2.jpg,natural
S(N)82_aug_3.jpg,natural
S(N)82_aug_4.jpg,natural
S(N)83.jpg,natural
S(N)83_aug_1.jpg,natural
S(N)83_aug_2.jpg,natural
S(N)83_aug_3.jpg,natural
S(N)83_aug_4.jpg,natural
S(N)84.jpg,natural
S(N)84_aug_1.jpg,natural
S(N)84_aug_2.jpg,natural
S(N)84_aug_3.jpg,natural
S(N)84_aug_4.jpg,natural
S(N)85.jpg,natural
S(N)85_aug_1.jpg,natural
S(N)85_aug_2.jpg,natural
S(N)85_aug_3.jpg,natural
S(N)85_aug_4.jpg,natural
S(N)86.jpg,natural
S(N)86_aug_1.jpg,natural
S(N)86_aug_2.jpg,natural
S(N)86_aug_3.jpg,natural
S(N)86_aug_4.jpg,natural
S(N)87.jpg,natural
S(N)87_aug_1.jpg,natural
S(N)87_aug_2.jpg,natural
S(N)87_aug_3.jpg,natural
S(N)87_aug_4.jpg,natural
S(N)88.jpg,natural
S(N)88_aug_1.jpg,natural
S(N)88_aug_2.jpg,natural
S(N)88_aug_3.jpg,natural
S(N)88_aug_4.jpg,natural
S(N)89.jpg,natural
S(N)89_aug_1.jpg,natural
S(N)89_aug_2.jpg,natural
S(N)89_aug_3.jpg,natural
S(N)89_aug_4.jpg,natural
S(N)90.jpg,natural
S(N)90_aug_1.jpg,natural
S(N)90_aug_2.jpg,natural
S(N)90_aug_3.jpg,natural
S(N)90_aug_4.jpg,natural
S(N)91.jpg,natural
S(N)91_aug_1.jpg,natural
S(N)91_aug_2.jpg,natural
S(N)91_aug_3.jpg,natural
S(N)91_aug_4.jpg,natural
S(N)92.jpg,natural
S(N)92_aug_1.jpg,natural
S(N)92_aug_2.jpg,natural
S(N)92_aug_3.jpg,natural
S(N)92_aug_4.jpg,natural
S(N)93.jpg,natural
S(N)93_aug_1.jpg,natural
S(N)93_aug_2.jpg,natural
S(N)93_aug_3.jpg,natural
S(N)93_aug_4.jpg,natural
S(N)94.jpg,natural
S(N)94_aug_1.jpg,natural
S(N)94_aug_2.jpg,natural
S(N)94_aug_3.jpg,natural
S(N)94_aug_4.jpg,natural
S(N)95.jpg,natural
S(N)95_aug_1.jpg,natural
S(N)95_aug_2.jpg,natural
S(N)95_aug_3.jpg,natural
S(N)95_aug_4.jpg,natural
S(N)96.jpg,natural
S(N)96_aug_1.jpg,natural
S(N)96_aug_2.jpg,natural
S(N)96_aug_3.jpg,natural
S(N)96_aug_4.jpg,natural
S(N)97.jpg,natural
S(N)97_aug_1.jpg,natural
S(N)97_aug_2.jpg,natural
S(N)97_aug_3.jpg,natural
S(N)97_aug_4.jpg,natural
S(N)98.jpg,natural
S(N)98_aug_1.jpg,natural
S(N)98_aug_2.jpg,natural
S(N)98_aug_3.jpg,natural
S(N)98_aug_4.jpg,natural
S(N)99.jpg,natural
S(N)99_aug_1.jpg,natural
S(N)99_aug_2.jpg,natural
S(N)99_aug_3.jpg,natural
S(N)99_aug_4.jpg,natural
S(N)100.jpg,natural
S(N)100_aug_1.jpg,natural
S(N)100_aug_2.jpg,natural
S(N)100_aug_3.jpg,natural
S(N)100_aug_4.jpg,natural
S(N)101.jpg,natural
S(N)101_aug_1.jpg,natural
S(N)101_aug_2.jpg,natural
S(N)101_aug_3.jpg,natural
S(N)101_aug_4.jpg,natural
S(N)102.jpg,natural
S(N)102_aug_1.jpg,natural
S(N)102_aug_2.jpg,natural
S(N)102_aug_3.jpg,natural
S(N)102_aug_4.jpg,natural
S(N)103.jpg,natural
S(N)103_aug_1.jpg,natural
S(N)103_aug_2.jpg,natural
S(N)103_aug_3.jpg,natural
S(N)103_aug_4.jpg,natural
S(N)104.jpg,natural
S(N)104_aug_1.jpg,natural
S(N)104_aug_2.jpg,natural
S(N)104_aug_3.jpg,natural
S(N)104_aug_4.jpg,natural
S(N)105.jpg,natural
S(N)105_aug_1.jpg,natural
S(N)105_aug_2.jpg,natural
S(N)105_aug_3.jpg,natural
S(N)105_aug_4.jpg,natural
S(N)106.jpg,natural
S(N)106_aug_1.jpg,natural
S(N)106_aug_2.jpg,natural
S(N)106_aug_3.jpg,natural
S(N)106_aug_4.jpg,natural
S(N)107.jpg,natural
S(N)107_aug_1.jpg,natural
S(N)107_aug_2.jpg,natural
S(N)107_aug_3.jpg,natural
S(N)107_aug_4.jpg,natural
S(N)108.jpg,natural
S(N)108_aug_1.jpg,natural
S(N)108_aug_2.jpg,natural
S(N)108_aug_3.jpg,natural
S(N)108_aug_4.jpg,natural
S(N)109.jpg,natural
S(N)109_aug_1.jpg,natural
S(N)109_aug_2.jpg,natural
S(N)109_aug_3.jpg,natural
S(N)109_aug_4.jpg,natural
S(N)110.jpg,natural
S(N)110_aug_1.jpg,natural
S(N)110_aug_2.jpg,natural
S(N)110_aug_3.jpg,natural
S(N)110_aug_4.jpg,natural
S(N)111.jpg,natural
S(N)111_aug_1.jpg,natural
S(N)111_aug_2.jpg,natural
S(N)111_aug_3.jpg,natural
S(N)111_aug_4.jpg,natural
S(N)112.jpg,natural
S(N)112_aug_1.jpg,natural
S(N)112_aug_2.jpg,natural
S(N)112_aug_3.jpg,natural
S(N)112_aug_4.jpg,natural
S(N)113.jpg,natural
S(N)113_aug_1.jpg,natural
S(N)113_aug_2.jpg,natural
S(N)113_aug_3.jpg,natural
S(N)113_aug_4.jpg,natural
S(N)114.jpg,natural
S(N)114_aug_1.jpg,natural
S(N)114_aug_2.jpg,natural
S(N)114_aug_3.jpg,natural
S(N)114_aug_4.jpg,natural
S(N)115.jpg,natural
S(N)115_aug_1.jpg,natural
S(N)115_aug_2.jpg,natural
S(N)115_aug_3.jpg,natural
S(N)115_aug_4.jpg,natural
S(N)116.jpg,natural
S(N)116_aug_1.jpg,natural
S(N)116_aug_2.jpg,natural
S(N)116_aug_3.jpg,natural
S(N)116_aug_4.jpg,natural
S(N)117.jpg,natural
S(N)117_aug_1.jpg,natural
S(N)117_aug_2.jpg,natural
S(N)117_aug_3.jpg,natural
S(N)117_aug_4.jpg,natural
S(N)118.jpg,natural
S(N)118_aug_1.jpg,natural
S(N)118_aug_2.jpg,natural
S(N)118_aug_3.jpg,natural
S(N)118_aug_4.jpg,natural
S(N)119.jpg,natural
S(N)119_aug_1.jpg,natural
S(N)119_aug_2.jpg,natural
S(N)119_aug_3.jpg,natural
S(N)119_aug_4.jpg,natural
S(N)120.jpg,natural
S(N)120_aug_1.jpg,natural
S(N)120_aug_2.jpg,natural
S(N)120_aug_3.jpg,natural
S(N)120_aug_4.jpg,natural
S(N)121.jpg,natural
S(N)121_aug_1.jpg,natural
S(N)121_aug_2.jpg,natural
S(N)121_aug_3.jpg,natural
S(N)121_aug_4.jpg,natural
S(N)122.jpg,natural
S(N)122_aug_1.jpg,natural
S(N)122_aug_2.jpg,natural
S(N)122_aug_3.jpg,natural
S(N)122_aug_4.jpg,natural
S(N)123.jpg,natural
S(N)123_aug_1.jpg,natural
S(N)123_aug_2.jpg,natural
S(N)123_aug_3.jpg,natural
S(N)123_aug_4.jpg,natural
S(N)124.jpg,natural
S(N)124_aug_1.jpg,natural
S(N)124_aug_2.jpg,natural
S(N)124_aug_3.jpg,natural
S(N)124_aug_4.jpg,natural
S(N)125.jpg,natural
S(N)125_aug_1.jpg,natural
S(N)125_aug_2.jpg,natural
S(N)125_aug_3.jpg,natural
S(N)125_aug_4.jpg,natural
S(N)126.jpg,natural
S(N)126_aug_1.jpg,natural
S(N)126_aug_2.jpg,natural
S(N)126_aug_3.jpg,natural
S(N)126_aug_4.jpg,natural
S(N)127.jpg,natural
S(N)127_aug_1.jpg,natural
S(N)127_aug_2.jpg,natural
S(N)127_aug_3.jpg,natural
S(N)127_aug_4.jpg,natural
S(N)128.jpg,natural
S(N)128_aug_1.jpg,natural
S(N)128_aug_2.jpg,natural
S(N)128_aug_3.jpg,natural
S(N)128_aug_4.jpg,natural
S(N)129.jpg,natural
S(N)129_aug_1.jpg,natural
S(N)129_aug_2.jpg,natural
S(N)129_aug_3.jpg,natural
S(N)129_aug_4.jpg,natural
S(N)130.jpg,natural
S(N)130_aug_1.jpg,natural
S(N)130_aug_2.jpg,natural
S(N)130_aug_3.jpg,natural
S(N)130_aug_4.jpg,natural
S(N)131.jpg,natural
S(N)131_aug_1.jpg,natural
S(N)131_aug_2.jpg,natural
S(N)131_aug_3.jpg,natural
S(N)131_aug_4.jpg,natural
S(N)132.jpg,natural
S(N)132_aug_1.jpg,natural
S(N)132_aug_2.jpg,natural
S(N)132_aug_3.jpg,natural
S(N)132_aug_4.jpg,natural
S(N)133.jpg,natural
S(N)133_aug_1.jpg,natural
S(N)133_aug_2.jpg,natural
S(N)133_aug_3.jpg,natural
S(N)133_aug_4.jpg,natural
S(N)134.jpg,natural
S(N)134_aug_1.jpg,natural
S(N)134_aug_2.jpg,natural
S(N)134_aug_3.jpg,natural
S(N)134_aug_4.jpg,natural
S(N)135.jpg,natural
S(N)135_aug_1.jpg,natural
S(N)135_aug_2.jpg,natural
S(N)135_aug_3.jpg,natural
S(N)135_aug_4.jpg,natural
S(N)136.jpg,natural
S(N)136_aug_1.jpg,natural
S(N)136_aug_2.jpg,natural
S(N)136_aug_3.jpg,natural
S(N)136_aug_4.jpg,natural
S(N)137.jpg,natural
S(N)137_aug_1.jpg,natural
S(N)137_aug_2.jpg,natural
S(N)137_aug_3.jpg,natural
S(N)137_aug_4.jpg,natural
S(N)138.jpg,natural
S(N)138_aug_1.jpg,natural
S(N)138_aug_2.jpg,natural
S(N)138_aug_3.jpg,natural
S(N)138_aug_4.jpg,natural
S(N)139.jpg,natural
S(N)139_aug_1.jpg,natural
S(N)139_aug_2.jpg,natural
S(N)139_aug_3.jpg,natural
S(N)139_aug_4.jpg,natural
S(N)140.jpg,natural
S(N)140_aug_1.jpg,natural
S(N)140_aug_2.jpg,natural
S(N)140_aug_3.jpg,natural
S(N)140_aug_4.jpg,natural
S(N)141.jpg,natural
S(N)141_aug_1.jpg,natural
S(N)141_aug_2.jpg,natural
S(N)141_aug_3.jpg,natural
S(N)141_aug_4.jpg,natural
S(N)142.jpg,natural
S(N)142_aug_1.jpg,natural
S(N)142_aug_2.jpg,natural
S(N)142_aug_3.jpg,natural
S(N)142_aug_4.jpg,natural
S(N)143.jpg,natural
S(N)143_aug_1.jpg,natural
S(N)143_aug_2.jpg,natural
S(N)143_aug_3.jpg,natural
S(N)143_aug_4.jpg,natural
S(N)144.jpg,natural
S(N)144_aug_1.jpg,natural
S(N)144_aug_2.jpg,natural
S(N)144_aug_3.jpg,natural
S(N)144_aug_4.jpg,natural
S(N)145.jpg,natural
S(N)145_aug_1.jpg,natural
S(N)145_aug_2.jpg,natural
S(N)145_aug_3.jpg,natural
S(N)145_aug_4.jpg,natural
S(N)146.jpg,natural
S(N)146_aug_1.jpg,natural
S(N)146_aug_2.jpg,natural
S(N)146_aug_3.jpg,natural
S(N)146_aug_4.jpg,natural
S(N)147.jpg,natural
S(N)147_aug_1.jpg,natural
S(N)147_aug_2.jpg,natural
S(N)147_aug_3.jpg,natural
S(N)147_aug_4.jpg,natural
S(N)148.jpg,natural
S(N)148_aug_1.jpg,natural
S(N)148_aug_2.jpg,natural
S(N)148_aug_3.jpg,natural
S(N)148_aug_4.jpg,natural
S(N)149.jpg,natural
S(N)149_aug_1.jpg,natural
S(N)149_aug_2.jpg,natural
S(N)149_aug_3.jpg,natural
S(N)149_aug_4.jpg,natural
S(N)150.jpg,natural
S(N)150_aug_1.jpg,natural
S(N)150_aug_2.jpg,natural
S(N)150_aug_3.jpg,natural
S(N)150_aug_4.jpg,natural
S(N)151.jpg,natural
S(N)151_aug_1.jpg,natural
S(N)151_aug_2.jpg,natural
S(N)151_aug_3.jpg,natural
S(N)151_aug_4.jpg,natural
S(N)152.jpg,natural
S(N)152_aug_1.jpg,natural
S(N)152_aug_2.jpg,natural
S(N)152_aug_3.jpg,natural
S(N)152_aug_4.jpg,natural
S(N)153.jpg,natural
S(N)153_aug_1.jpg,natural
S(N)153_aug_2.jpg,natural
S(N)153_aug_3.jpg,natural
S(N)153_aug_4.jpg,natural
S(N)154.jpg,natural
S(N)154_aug_1.jpg,natural
S(N)154_aug_2.jpg,natural
S(N)154_aug_3.jpg,natural
S(N)154_aug_4.jpg,natural
S(N)155.jpg,natural
S(N)155_aug_1.jpg,natural
S(N)155_aug_2.jpg,natural
S(N)155_aug_3.jpg,natural
S(N)155_aug_4.jpg,natural
S(N)156.jpg,natural
S(N)156_aug_1.jpg,natural
S(N)156_aug_2.jpg,natural
S(N)156_aug_3.jpg,natural
S(N)156_aug_4.jpg,natural
S(N)157.jpg,natural
S(N)157_aug_1.jpg,natural
S(N)157_aug_2.jpg,natural
S(N)157_aug_3.jpg,natural
S(N)157_aug_4.jpg,natural
S(N)158.jpg,natural
S(N)158_aug_1.jpg,natural
S(N)158_aug_2.jpg,natural
S(N)158_aug_3.jpg,natural
S(N)158_aug_4.jpg,natural
S(N)159.jpg,natural
S(N)159_aug_1.jpg,natural
S(N)159_aug_2.jpg,natural
S(N)159_aug_3.jpg,natural
S(N)159_aug_4.jpg,natural
S(N)160.jpg,natural
S(N)160_aug_1.jpg,natural
S(N)160_aug_2.jpg,natural
S(N)160_aug_3.jpg,natural
S(N)160_aug_4.jpg,natural
S(N)161.jpg,natural
S(N)161_aug_1.jpg,natural
S(N)161_aug_2.jpg,natural
S(N)161_aug_3.jpg,natural
S(N)161_aug_4.jpg,natural
S(N)162.jpg,natural
S(N)162_aug_1.jpg,natural
S(N)162_aug_2.jpg,natural
S(N)162_aug_3.jpg,natural
S(N)162_aug_4.jpg,natural
S(N)163.jpg,natural
S(N)163_aug_1.jpg,natural
S(N)163_aug_2.jpg,natural
S(N)163_aug_3.jpg,natural
S(N)163_aug_4.jpg,natural
S(N)164.jpg,natural
S(N)164_aug_1.jpg,natural
S(N)164_aug_2.jpg,natural
S(N)164_aug_3.jpg,natural
S(N)164_aug_4.jpg,natural
S(N)165.jpg,natural
S(N)165_aug_1.jpg,natural
S(N)165_aug_2.jpg,natural
S(N)165_aug_3.jpg,natural
S(N)165_aug_4.jpg,natural
S(N)166.jpg,natural
S(N)166_aug_1.jpg,natural
S(N)166_aug_2.jpg,natural
S(N)166_aug_3.jpg,natural
S(N)166_aug_4.jpg,natural
S(N)167.jpg,natural
S(N)167_aug_1.jpg,natural
S(N)167_aug_2.jpg,natural
S(N)167_aug_3.jpg,natural
S(N)167_aug_4.jpg,natural
S(N)168.jpg,natural
S(N)168_aug_1.jpg,natural
S(N)168_aug_2.jpg,natural
S(N)168_aug_3.jpg,natural
S(N)168_aug_4.jpg,natural
S(N)169.jpg,natural
S(N)169_aug_1.jpg,natural
S(N)169_aug_2.jpg,natural
S(N)169_aug_3.jpg,natural
S(N)169_aug_4.jpg,natural
S(N)170.jpg,natural
S(N)170_aug_1.jpg,natural
S(N)170_aug_2.jpg,natural
S(N)170_aug_3.jpg,natural
S(N)170_aug_4.jpg,natural
S(N)171.jpg,natural
S(N)171_aug_1.jpg,natural
S(N)171_aug_2.jpg,natural
S(N)171_aug_3.jpg,natural
S(N)171_aug_4.jpg,natural
S(N)172.jpg,natural
S(N)172_aug_1.jpg,natural
S(N)172_aug_2.jpg,natural
S(N)172_aug_3.jpg,natural
S(N)172_aug_4.jpg,natural
S(N)173.jpg,natural
S(N)173_aug_1.jpg,natural
S(N)173_aug_2.jpg,natural
S(N)173_aug_3.jpg,natural
S(N)173_aug_4.jpg,natural
S(N)174.jpg,natural
S(N)174_aug_1.jpg,natural
S(N)174_aug_2.jpg,natural
S(N)174_aug_3.jpg,natural
S(N)174_aug_4.jpg,natural
S(N)175.jpg,natural
S(N)175_aug_1.jpg,natural
S(N)175_aug_2.jpg,natural
S(N)175_aug_3.jpg,natural
S(N)175_aug_4.jpg,natural
S(N)176.jpg,natural
S(N)176_aug_1.jpg,natural
S(N)176_aug_2.jpg,natural
S(N)176_aug_3.jpg,natural
S(N)176_aug_4.jpg,natural
S(N)177.jpg,natural
S(N)177_aug_1.jpg,natural
S(N)177_aug_2.jpg,natural
S(N)177_aug_3.jpg,natural
S(N)177_aug_4.jpg,natural
S(N)178.jpg,natural
S(N)178_aug_1.jpg,natural
S(N)178_aug_2.jpg,natural
S(N)178_aug_3.jpg,natural
S(N)178_aug_4.jpg,natural
S(N)179.jpg,natural
S(N)179_aug_1.jpg,natural
S(N)179_aug_2.jpg,natural
S(N)179_aug_3.jpg,natural
S(N)179_aug_4.jpg,natural
S(N)180.jpg,natural
S(N)180_aug_1.jpg,natural
S(N)180_aug_2.jpg,natural
S(N)180_aug_3.jpg,natural
S(N)180_aug_4.jpg,natural
S(N)181.jpg,natural
S(N)181_aug_1.jpg,natural
S(N)181_aug_2.jpg,natural
S(N)181_aug_3.jpg,natural
S(N)181_aug_4.jpg,natural
S(N)182.jpg,natural
S(N)182_aug_1.jpg,natural
S(N)182_aug_2.jpg,natural
S(N)182_aug_3.jpg,natural
S(N)182_aug_4.jpg,natural
S(N)183.jpg,natural
S(N)183_aug_1.jpg,natural
S(N)183_aug_2.jpg,natural
S(N)183_aug_3.jpg,natural
S(N)183_aug_4.jpg,natural
S(N)184.jpg,natural
S(N)184_aug_1.jpg,natural
S(N)184_aug_2.jpg,natural
S(N)184_aug_3.jpg,natural
S(N)184_aug_4.jpg,natural
S(N)185.jpg,natural
S(N)185_aug_1.jpg,natural
S(N)185_aug_2.jpg,natural
S(N)185_aug_3.jpg,natural
S(N)185_aug_4.jpg,natural
S(N)186.jpg,natural
S(N)186_aug_1.jpg,natural
S(N)186_aug_2.jpg,natural
S(N)186_aug_3.jpg,natural
S(N)186_aug_4.jpg,natural
S(N)187.jpg,natural
S(N)187_aug_1.jpg,natural
S(N)187_aug_2.jpg,natural
S(N)187_aug_3.jpg,natural
S(N)187_aug_4.jpg,natural
S(N)188.jpg,natural
S(N)188_aug_1.jpg,natural
S(N)188_aug_2.jpg,natural
S(N)188_aug_3.jpg,natural
S(N)188_aug_4.jpg,natural
S(N)189.jpg,natural
S(N)189_aug_1.jpg,natural
S(N)189_aug_2.jpg,natural
S(N)189_aug_3.jpg,natural
S(N)189_aug_4.jpg,natural
S(N)190.jpg,natural
S(N)190_aug_1.jpg,natural
S(N)190_aug_2.jpg,natural
S(N)190_aug_3.jpg,natural
S(N)190_aug_4.jpg,natural
S(N)191.jpg,natural
S(N)191_aug_1.jpg,natural
S(N)191_aug_2.jpg,natural
S(N)191_aug_3.jpg,natural
S(N)191_aug_4.jpg,natural
S(N)192.jpg,natural
S(N)192_aug_1.jpg,natural
S(N)192_aug_2.jpg,natural
S(N)192_aug_3.jpg,natural
S(N)192_aug_4.jpg,natural
S(N)193.jpg,natural
S(N)193_aug_1.jpg,natural
S(N)193_aug_2.jpg,natural
S(N)193_aug_3.jpg,natural
S(N)193_aug_4.jpg,natural
S(N)194.jpg,natural
S(N)194_aug_1.jpg,natural
S(N)194_aug_2.jpg,natural
S(N)194_aug_3.jpg,natural
S(N)194_aug_4.jpg,natural
S(N)195.jpg,natural
S(N)195_aug_1.jpg,natural
S(N)195_aug_2.jpg,natural
S(N)195_aug_3.jpg,natural
S(N)195_aug_4.jpg,natural
S(N)196.jpg,natural
S(N)196_aug_1.jpg,natural
S(N)196_aug_2.jpg,natural
S(N)196_aug_3.jpg,natural
S(N)196_aug_4.jpg,natural
S(N)197.jpg,natural
S(N)197_aug_1.jpg,natural
S(N)197_aug_2.jpg,natural
S(N)197_aug_3.jpg,natural
S(N)197_aug_4.jpg,natural
S(N)198.jpg,natural
S(N)198_aug_1.jpg,natural
S(N)198_aug_2.jpg,natural
S(N)198_aug_3.jpg,natural
S(N)198_aug_4.jpg,natural
S(N)199.jpg,natural
S(N)199_aug_1.jpg,natural
S(N)199_aug_2.jpg,natural
S(N)199_aug_3.jpg,natural
S(N)199_aug_4.jpg,natural
S(N)200.jpg,natural
S(N)200_aug_1.jpg,natural
S(N)200_aug_2.jpg,natural
S(N)200_aug_3.jpg,natural
S(N)200_aug_4.jpg,natural
S(H)1.jpg,heated
S(H)1_aug_1.jpg,heated
S(H)1_aug_2.jpg,heated
S(H)1_aug_3.jpg,heated
S(H)1_aug_4.jpg,heated
S(H)2.jpg,heated
S(H)2_aug_1.jpg,heated
S(H)2_aug_2.jpg,heated
S(H)2_aug_3.jpg,heated
S(H)2_aug_4.jpg,heated
S(H)3.jpg,heated
S(H)3_aug_1.jpg,heated
S(H)3_aug_2.jpg,heated
S(H)3_aug_3.jpg,heated
S(H)3_aug_4.jpg,heated
S(H)4.jpg,heated
S(H)4_aug_1.jpg,heated
S(H)4_aug_2.jpg,heated
S(H)4_aug_3.jpg,heated
S(H)4_aug_4.jpg,heated
S(H)5.jpg,heated
S(H)5_aug_1.jpg,heated
S(H)5_aug_2.jpg,heated
S(H)5_aug_3.jpg,heated
S(H)5_aug_4.jpg,heated
S(H)6.jpg,heated
S(H)6_aug_1.jpg,heated
S(H)6_aug_2.jpg,heated
S(H)6_aug_3.jpg,heated
S(H)6_aug_4.jpg,heated
S(H)7.jpg,heated
S(H)7_aug_1.jpg,heated
S(H)7_aug_2.jpg,heated
S(H)7_aug_3.jpg,heated
S(H)7_aug_4.jpg,heated
S(H)8.jpg,heated
S(H)8_aug_1.jpg,heated
S(H)8_aug_2.jpg,heated
S(H)8_aug_3.jpg,heated
S(H)8_aug_4.jpg,heated
S(H)9.jpg,heated
S(H)9_aug_1.jpg,heated
S(H)9_aug_2.jpg,heated
S(H)9_aug_3.jpg,heated
S(H)9_aug_4.jpg,heated
S(H)10.jpg,heated
S(H)10_aug_1.jpg,heated
S(H)10_aug_2.jpg,heated
S(H)10_aug_3.jpg,heated
S(H)10_aug_4.jpg,heated
S(H)11.jpg,heated
S(H)11_aug_1.jpg,heated
S(H)11_aug_2.jpg,heated
S(H)11_aug_3.jpg,heated
S(H)11_aug_4.jpg,heated
S(H)12.jpg,heated
S(H)12_aug_1.jpg,heated
S(H)12_aug_2.jpg,heated
S(H)12_aug_3.jpg,heated
S(H)12_aug_4.jpg,heated
S(H)13.jpg,heated
S(H)13_aug_1.jpg,heated
S(H)13_aug_2.jpg,heated
S(H)13_aug_3.jpg,heated
S(H)13_aug_4.jpg,heated
S(H)14.jpg,heated
S(H)14_aug_1.jpg,heated
S(H)14_aug_2.jpg,heated
S(H)14_aug_3.jpg,heated
S(H)14_aug_4.jpg,heated
S(H)15.jpg,heated
S(H)15_aug_1.jpg,heated
S(H)15_aug_2.jpg,heated
S(H)15_aug_3.jpg,heated
S(H)15_aug_4.jpg,heated
S(H)16.jpg,heated
S(H)16_aug_1.jpg,heated
S(H)16_aug_2.jpg,heated
S(H)16_aug_3.jpg,heated
S(H)16_aug_4.jpg,heated
S(H)17.jpg,heated
S(H)17_aug_1.jpg,heated
S(H)17_aug_2.jpg,heated
S(H)17_aug_3.jpg,heated
S(H)17_aug_4.jpg,heated
S(H)18.jpg,heated
S(H)18_aug_1.jpg,heated
S(H)18_aug_2.jpg,heated
S(H)18_aug_3.jpg,heated
S(H)18_aug_4.jpg,heated
S(H)19.jpg,heated
S(H)19_aug_1.jpg,heated
S(H)19_aug_2.jpg,heated
S(H)19_aug_3.jpg,heated
S(H)19_aug_4.jpg,heated
S(H)20.jpg,heated
S(H)20_aug_1.jpg,heated
S(H)20_aug_2.jpg,heated
S(H)20_aug_3.jpg,heated
S(H)20_aug_4.jpg,heated
S(H)21.jpg,heated
S(H)21_aug_1.jpg,heated
S(H)21_aug_2.jpg,heated
S(H)21_aug_3.jpg,heated
S(H)21_aug_4.jpg,heated
S(H)22.jpg,heated
S(H)22_aug_1.jpg,heated
S(H)22_aug_2.jpg,heated
S(H)22_aug_3.jpg,heated
S(H)22_aug_4.jpg,heated
S(H)23.jpg,heated
S(H)23_aug_1.jpg,heated
S(H)23_aug_2.jpg,heated
S(H)23_aug_3.jpg,heated
S(H)23_aug_4.jpg,heated
S(H)24.jpg,heated
S(H)24_aug_1.jpg,heated
S(H)24_aug_2.jpg,heated
S(H)24_aug_3.jpg,heated
S(H)24_aug_4.jpg,heated
S(H)25.jpg,heated
S(H)25_aug_1.jpg,heated
S(H)25_aug_2.jpg,heated
S(H)25_aug_3.jpg,heated
S(H)25_aug_4.jpg,heated
S(H)26.jpg,heated
S(H)26_aug_1.jpg,heated
S(H)26_aug_2.jpg,heated
S(H)26_aug_3.jpg,heated
S(H)26_aug_4.jpg,heated
S(H)27.jpg,heated
S(H)27_aug_1.jpg,heated
S(H)27_aug_2.jpg,heated
S(H)27_aug_3.jpg,heated
S(H)27_aug_4.jpg,heated
S(H)28.jpg,heated
S(H)28_aug_1.jpg,heated
S(H)28_aug_2.jpg,heated
S(H)28_aug_3.jpg,heated
S(H)28_aug_4.jpg,heated
S(H)29.jpg,heated
S(H)29_aug_1.jpg,heated
S(H)29_aug_2.jpg,heated
S(H)29_aug_3.jpg,heated
S(H)29_aug_4.jpg,heated
S(H)30.jpg,heated
S(H)30_aug_1.jpg,heated
S(H)30_aug_2.jpg,heated
S(H)30_aug_3.jpg,heated
S(H)30_aug_4.jpg,heated
S(H)31.jpg,heated
S(H)31_aug_1.jpg,heated
S(H)31_aug_2.jpg,heated
S(H)31_aug_3.jpg,heated
S(H)31_aug_4.jpg,heated
S(H)32.jpg,heated
S(H)32_aug_1.jpg,heated
S(H)32_aug_2.jpg,heated
S(H)32_aug_3.jpg,heated
S(H)32_aug_4.jpg,heated
S(H)33.jpg,heated
S(H)33_aug_1.jpg,heated
S(H)33_aug_2.jpg,heated
S(H)33_aug_3.jpg,heated
S(H)33_aug_4.jpg,heated
S(H)34.jpg,heated
S(H)34_aug_1.jpg,heated
S(H)34_aug_2.jpg,heated
S(H)34_aug_3.jpg,heated
S(H)34_aug_4.jpg,heated
S(H)35.jpg,heated
S(H)35_aug_1.jpg,heated
S(H)35_aug_2.jpg,heated
S(H)35_aug_3.jpg,heated
S(H)35_aug_4.jpg,heated
S(H)36.jpg,heated
S(H)36_aug_1.jpg,heated
S(H)36_aug_2.jpg,heated
S(H)36_aug_3.jpg,heated
S(H)36_aug_4.jpg,heated
S(H)37.jpg,heated
S(H)37_aug_1.jpg,heated
S(H)37_aug_2.jpg,heated
S(H)37_aug_3.jpg,heated
S(H)37_aug_4.jpg,heated
S(H)38.jpg,heated
S(H)38_aug_1.jpg,heated
S(H)38_aug_2.jpg,heated
S(H)38_aug_3.jpg,heated
S(H)38_aug_4.jpg,heated
S(H)39.jpg,heated
S(H)39_aug_1.jpg,heated
S(H)39_aug_2.jpg,heated
S(H)39_aug_3.jpg,heated
S(H)39_aug_4.jpg,heated
S(H)40.jpg,heated
S(H)40_aug_1.jpg,heated
S(H)40_aug_2.jpg,heated
S(H)40_aug_3.jpg,heated
S(H)40_aug_4.jpg,heated
S(H)41.jpg,heated
S(H)41_aug_1.jpg,heated
S(H)41_aug_2.jpg,heated
S(H)41_aug_3.jpg,heated
S(H)41_aug_4.jpg,heated
S(H)42.jpg,heated
S(H)42_aug_1.jpg,heated
S(H)42_aug_2.jpg,heated
S(H)42_aug_3.jpg,heated
S(H)42_aug_4.jpg,heated
S(H)43.jpg,heated
S(H)43_aug_1.jpg,heated
S(H)43_aug_2.jpg,heated
S(H)43_aug_3.jpg,heated
S(H)43_aug_4.jpg,heated
S(H)44.jpg,heated
S(H)44_aug_1.jpg,heated
S(H)44_aug_2.jpg,heated
S(H)44_aug_3.jpg,heated
S(H)44_aug_4.jpg,heated
S(H)45.jpg,heated
S(H)45_aug_1.jpg,heated
S(H)45_aug_2.jpg,heated
S(H)45_aug_3.jpg,heated
S(H)45_aug_4.jpg,heated
S(H)46.jpg,heated
S(H)46_aug_1.jpg,heated
S(H)46_aug_2.jpg,heated
S(H)46_aug_3.jpg,heated
S(H)46_aug_4.jpg,heated
S(H)47.jpg,heated
S(H)47_aug_1.jpg,heated
S(H)47_aug_2.jpg,heated
S(H)47_aug_3.jpg,heated
S(H)47_aug_4.jpg,heated
S(H)48.jpg,heated
S(H)48_aug_1.jpg,heated
S(H)48_aug_2.jpg,heated
S(H)48_aug_3.jpg,heated
S(H)48_aug_4.jpg,heated
S(H)49.jpg,heated
S(H)49_aug_1.jpg,heated
S(H)49_aug_2.jpg,heated
S(H)49_aug_3.jpg,heated
S(H)49_aug_4.jpg,heated
S(H)50.jpg,heated
S(H)50_aug_1.jpg,heated
S(H)50_aug_2.jpg,heated
S(H)50_aug_3.jpg,heated
S(H)50_aug_4.jpg,heated
S(H)51.jpg,heated
S(H)51_aug_1.jpg,heated
S(H)51_aug_2.jpg,heated
S(H)51_aug_3.jpg,heated
S(H)51_aug_4.jpg,heated
S(H)52.jpg,heated
S(H)52_aug_1.jpg,heated
S(H)52_aug_2.jpg,heated
S(H)52_aug_3.jpg,heated
S(H)52_aug_4.jpg,heated
S(H)53.jpg,heated
S(H)53_aug_1.jpg,heated
S(H)53_aug_2.jpg,heated
S(H)53_aug_3.jpg,heated
S(H)53_aug_4.jpg,heated
S(H)54.jpg,heated
S(H)54_aug_1.jpg,heated
S(H)54_aug_2.jpg,heated
S(H)54_aug_3.jpg,heated
S(H)54_aug_4.jpg,heated
S(H)55.jpg,heated
S(H)55_aug_1.jpg,heated
S(H)55_aug_2.jpg,heated
S(H)55_aug_3.jpg,heated
S(H)55_aug_4.jpg,heated
S(H)56.jpg,heated
S(H)56_aug_1.jpg,heated
S(H)56_aug_2.jpg,heated
S(H)56_aug_3.jpg,heated
S(H)56_aug_4.jpg,heated
S(H)57.jpg,heated
S(H)57_aug_1.jpg,heated
S(H)57_aug_2.jpg,heated
S(H)57_aug_3.jpg,heated
S(H)57_aug_4.jpg,heated
S(H)58.jpg,heated
S(H)58_aug_1.jpg,heated
S(H)58_aug_2.jpg,heated
S(H)58_aug_3.jpg,heated
S(H)58_aug_4.jpg,heated
S(H)59.jpg,heated
S(H)59_aug_1.jpg,heated
S(H)59_aug_2.jpg,heated
S(H)59_aug_3.jpg,heated
S(H)59_aug_4.jpg,heated
S(H)60.jpg,heated
S(H)60_aug_1.jpg,heated
S(H)60_aug_2.jpg,heated
S(H)60_aug_3.jpg,heated
S(H)60_aug_4.jpg,heated
S(H)61.jpg,heated
S(H)61_aug_1.jpg,heated
S(H)61_aug_2.jpg,heated
S(H)61_aug_3.jpg,heated
S(H)61_aug_4.jpg,heated
S(H)62.jpg,heated
S(H)62_aug_1.jpg,heated
S(H)62_aug_2.jpg,heated
S(H)62_aug_3.jpg,heated
S(H)62_aug_4.jpg,heated
S(H)63.jpg,heated
S(H)63_aug_1.jpg,heated
S(H)63_aug_2.jpg,heated
S(H)63_aug_3.jpg,heated
S(H)63_aug_4.jpg,heated
S(H)64.jpg,heated
S(H)64_aug_1.jpg,heated
S(H)64_aug_2.jpg,heated
S(H)64_aug_3.jpg,heated
S(H)64_aug_4.jpg,heated
S(H)65.jpg,heated
S(H)65_aug_1.jpg,heated
S(H)65_aug_2.jpg,heated
S(H)65_aug_3.jpg,heated
S(H)65_aug_4.jpg,heated
S(H)66.jpg,heated
S(H)66_aug_1.jpg,heated
S(H)66_aug_2.jpg,heated
S(H)66_aug_3.jpg,heated
S(H)66_aug_4.jpg,heated
S(H)67.jpg,heated
S(H)67_aug_1.jpg,heated
S(H)67_aug_2.jpg,heated
S(H)67_aug_3.jpg,heated
S(H)67_aug_4.jpg,heated
S(H)68.jpg,heated
S(H)68_aug_1.jpg,heated
S(H)68_aug_2.jpg,heated
S(H)68_aug_3.jpg,heated
S(H)68_aug_4.jpg,heated
S(H)69.jpg,heated
S(H)69_aug_1.jpg,heated
S(H)69_aug_2.jpg,heated
S(H)69_aug_3.jpg,heated
S(H)69_aug_4.jpg,heated
S(H)70.jpg,heated
S(H)70_aug_1.jpg,heated
S(H)70_aug_2.jpg,heated
S(H)70_aug_3.jpg,heated
S(H)70_aug_4.jpg,heated
S(H)71.jpg,heated
S(H)71_aug_1.jpg,heated
S(H)71_aug_2.jpg,heated
S(H)71_aug_3.jpg,heated
S(H)71_aug_4.jpg,heated
S(H)72.jpg,heated
S(H)72_aug_1.jpg,heated
S(H)72_aug_2.jpg,heated
S(H)72_aug_3.jpg,heated
S(H)72_aug_4.jpg,heated
S(H)73.jpg,heated
S(H)73_aug_1.jpg,heated
S(H)73_aug_2.jpg,heated
S(H)73_aug_3.jpg,heated
S(H)73_aug_4.jpg,heated
S(H)74.jpg,heated
S(H)74_aug_1.jpg,heated
S(H)74_aug_2.jpg,heated
S(H)74_aug_3.jpg,heated
S(H)74_aug_4.jpg,heated
S(H)75.jpg,heated
S(H)75_aug_1.jpg,heated
S(H)75_aug_2.jpg,heated
S(H)75_aug_3.jpg,heated
S(H)75_aug_4.jpg,heated
S(H)76.jpg,heated
S(H)76_aug_1.jpg,heated
S(H)76_aug_2.jpg,heated
S(H)76_aug_3.jpg,heated
S(H)76_aug_4.jpg,heated
S(H)77.jpg,heated
S(H)77_aug_1.jpg,heated
S(H)77_aug_2.jpg,heated
S(H)77_aug_3.jpg,heated
S(H)77_aug_4.jpg,heated
S(H)78.jpg,heated
S(H)78_aug_1.jpg,heated
S(H)78_aug_2.jpg,heated
S(H)78_aug_3.jpg,heated
S(H)78_aug_4.jpg,heated
S(H)79.jpg,heated
S(H)79_aug_1.jpg,heated
S(H)79_aug_2.jpg,heated
S(H)79_aug_3.jpg,heated
S(H)79_aug_4.jpg,heated
S(H)80.jpg,heated
S(H)80_aug_1.jpg,heated
S(H)80_aug_2.jpg,heated
S(H)80_aug_3.jpg,heated
S(H)80_aug_4.jpg,heated
S(H)81.jpg,heated
S(H)81_aug_1.jpg,heated
S(H)81_aug_2.jpg,heated
S(H)81_aug_3.jpg,heated
S(H)81_aug_4.jpg,heated
S(H)82.jpg,heated
S(H)82_aug_1.jpg,heated
S(H)82_aug_2.jpg,heated
S(H)82_aug_3.jpg,heated
S(H)82_aug_4.jpg,heated
S(H)83.jpg,heated
S(H)83_aug_1.jpg,heated
S(H)83_aug_2.jpg,heated
S(H)83_aug_3.jpg,heated
S(H)83_aug_4.jpg,heated
S(H)84.jpg,heated
S(H)84_aug_1.jpg,heated
S(H)84_aug_2.jpg,heated
S(H)84_aug_3.jpg,heated
S(H)84_aug_4.jpg,heated
S(H)85.jpg,heated
S(H)85_aug_1.jpg,heated
S(H)85_aug_2.jpg,heated
S(H)85_aug_3.jpg,heated
S(H)85_aug_4.jpg,heated
S(H)86.jpg,heated
S(H)86_aug_1.jpg,heated
S(H)86_aug_2.jpg,heated
S(H)86_aug_3.jpg,heated
S(H)86_aug_4.jpg,heated
S(H)87.jpg,heated
S(H)87_aug_1.jpg,heated
S(H)87_aug_2.jpg,heated
S(H)87_aug_3.jpg,heated
S(H)87_aug_4.jpg,heated
S(H)88.jpg,heated
S(H)88_aug_1.jpg,heated
S(H)88_aug_2.jpg,heated
S(H)88_aug_3.jpg,heated
S(H)88_aug_4.jpg,heated
S(H)89.jpg,heated
S(H)89_aug_1.jpg,heated
S(H)89_aug_2.jpg,heated
S(H)89_aug_3.jpg,heated
S(H)89_aug_4.jpg,heated
S(H)90.jpg,heated
S(H)90_aug_1.jpg,heated
S(H)90_aug_2.jpg,heated
S(H)90_aug_3.jpg,heated
S(H)90_aug_4.jpg,heated
S(H)91.jpg,heated
S(H)91_aug_1.jpg,heated
S(H)91_aug_2.jpg,heated
S(H)91_aug_3.jpg,heated
S(H)91_aug_4.jpg,heated
S(H)92.jpg,heated
S(H)92_aug_1.jpg,heated
S(H)92_aug_2.jpg,heated
S(H)92_aug_3.jpg,heated
S(H)92_aug_4.jpg,heated
S(H)93.jpg,heated
S(H)93_aug_1.jpg,heated
S(H)93_aug_2.jpg,heated
S(H)93_aug_3.jpg,heated
S(H)93_aug_4.jpg,heated
S(H)94.jpg,heated
S(H)94_aug_1.jpg,heated
S(H)94_aug_2.jpg,heated
S(H)94_aug_3.jpg,heated
S(H)94_aug_4.jpg,heated
S(H)95.jpg,heated
S(H)95_aug_1.jpg,heated
S(H)95_aug_2.jpg,heated
S(H)95_aug_3.jpg,heated
S(H)95_aug_4.jpg,heated
S(H)96.jpg,heated
S(H)96_aug_1.jpg,heated
S(H)96_aug_2.jpg,heated
S(H)96_aug_3.jpg,heated
S(H)96_aug_4.jpg,heated
S(H)97.jpg,heated
S(H)97_aug_1.jpg,heated
S(H)97_aug_2.jpg,heated
S(H)97_aug_3.jpg,heated
S(H)97_aug_4.jpg,heated
S(H)98.jpg,heated
S(H)98_aug_1.jpg,heated
S(H)98_aug_2.jpg,heated
S(H)98_aug_3.jpg,heated
S(H)98_aug_4.jpg,heated
S(H)99.jpg,heated
S(H)99_aug_1.jpg,heated
S(H)99_aug_2.jpg,heated
S(H)99_aug_3.jpg,heated
S(H)99_aug_4.jpg,heated
S(H)100.jpg,heated
S(H)100_aug_1.jpg,heated
S(H)100_aug_2.jpg,heated
S(H)100_aug_3.jpg,heated
S(H)100_aug_4.jpg,heated
S(H)101.jpg,heated
S(H)101_aug_1.jpg,heated
S(H)101_aug_2.jpg,heated
S(H)101_aug_3.jpg,heated
S(H)101_aug_4.jpg,heated
S(H)102.jpg,heated
S(H)102_aug_1.jpg,heated
S(H)102_aug_2.jpg,heated
S(H)102_aug_3.jpg,heated
S(H)102_aug_4.jpg,heated
S(H)103.jpg,heated
S(H)103_aug_1.jpg,heated
S(H)103_aug_2.jpg,heated
S(H)103_aug_3.jpg,heated
S(H)103_aug_4.jpg,heated
S(H)104.jpg,heated
S(H)104_aug_1.jpg,heated
S(H)104_aug_2.jpg,heated
S(H)104_aug_3.jpg,heated
S(H)104_aug_4.jpg,heated
S(H)105.jpg,heated
S(H)105_aug_1.jpg,heated
S(H)105_aug_2.jpg,heated
S(H)105_aug_3.jpg,heated
S(H)105_aug_4.jpg,heated
S(H)106.jpg,heated
S(H)106_aug_1.jpg,heated
S(H)106_aug_2.jpg,heated
S(H)106_aug_3.jpg,heated
S(H)106_aug_4.jpg,heated
S(H)107.jpg,heated
S(H)107_aug_1.jpg,heated
S(H)107_aug_2.jpg,heated
S(H)107_aug_3.jpg,heated
S(H)107_aug_4.jpg,heated
S(H)108.jpg,heated
S(H)108_aug_1.jpg,heated
S(H)108_aug_2.jpg,heated
S(H)108_aug_3.jpg,heated
S(H)108_aug_4.jpg,heated
S(H)109.jpg,heated
S(H)109_aug_1.jpg,heated
S(H)109_aug_2.jpg,heated
S(H)109_aug_3.jpg,heated
S(H)109_aug_4.jpg,heated
S(H)110.jpg,heated
S(H)110_aug_1.jpg,heated
S(H)110_aug_2.jpg,heated
S(H)110_aug_3.jpg,heated
S(H)110_aug_4.jpg,heated
S(H)111.jpg,heated
S(H)111_aug_1.jpg,heated
S(H)111_aug_2.jpg,heated
S(H)111_aug_3.jpg,heated
S(H)111_aug_4.jpg,heated
S(H)112.jpg,heated
S(H)112_aug_1.jpg,heated
S(H)112_aug_2.jpg,heated
S(H)112_aug_3.jpg,heated
S(H)112_aug_4.jpg,heated
S(H)113.jpg,heated
S(H)113_aug_1.jpg,heated
S(H)113_aug_2.jpg,heated
S(H)113_aug_3.jpg,heated
S(H)113_aug_4.jpg,heated
S(H)114.jpg,heated
S(H)114_aug_1.jpg,heated
S(H)114_aug_2.jpg,heated
S(H)114_aug_3.jpg,heated
S(H)114_aug_4.jpg,heated
S(H)115.jpg,heated
S(H)115_aug_1.jpg,heated
S(H)115_aug_2.jpg,heated
S(H)115_aug_3.jpg,heated
S(H)115_aug_4.jpg,heated
S(H)116.jpg,heated
S(H)116_aug_1.jpg,heated
S(H)116_aug_2.jpg,heated
S(H)116_aug_3.jpg,heated
S(H)116_aug_4.jpg,heated
S(H)117.jpg,heated
S(H)117_aug_1.jpg,heated
S(H)117_aug_2.jpg,heated
S(H)117_aug_3.jpg,heated
S(H)117_aug_4.jpg,heated
S(H)118.jpg,heated
S(H)118_aug_1.jpg,heated
S(H)118_aug_2.jpg,heated
S(H)118_aug_3.jpg,heated
S(H)118_aug_4.jpg,heated
S(H)119.jpg,heated
S(H)119_aug_1.jpg,heated
S(H)119_aug_2.jpg,heated
S(H)119_aug_3.jpg,heated
S(H)119_aug_4.jpg,heated
S(H)120.jpg,heated
S(H)120_aug_1.jpg,heated
S(H)120_aug_2.jpg,heated
S(H)120_aug_3.jpg,heated
S(H)120_aug_4.jpg,heated
S(H)121.jpg,heated
S(H)121_aug_1.jpg,heated
S(H)121_aug_2.jpg,heated
S(H)121_aug_3.jpg,heated
S(H)121_aug_4.jpg,heated
S(H)122.jpg,heated
S(H)122_aug_1.jpg,heated
S(H)122_aug_2.jpg,heated
S(H)122_aug_3.jpg,heated
S(H)122_aug_4.jpg,heated
S(H)123.jpg,heated
S(H)123_aug_1.jpg,heated
S(H)123_aug_2.jpg,heated
S(H)123_aug_3.jpg,heated
S(H)123_aug_4.jpg,heated
S(H)124.jpg,heated
S(H)124_aug_1.jpg,heated
S(H)124_aug_2.jpg,heated
S(H)124_aug_3.jpg,heated
S(H)124_aug_4.jpg,heated
S(H)125.jpg,heated
S(H)125_aug_1.jpg,heated
S(H)125_aug_2.jpg,heated
S(H)125_aug_3.jpg,heated
S(H)125_aug_4.jpg,heated
S(H)126.jpg,heated
S(H)126_aug_1.jpg,heated
S(H)126_aug_2.jpg,heated
S(H)126_aug_3.jpg,heated
S(H)126_aug_4.jpg,heated
S(H)127.jpg,heated
S(H)127_aug_1.jpg,heated
S(H)127_aug_2.jpg,heated
S(H)127_aug_3.jpg,heated
S(H)127_aug_4.jpg,heated
S(H)128.jpg,heated
S(H)128_aug_1.jpg,heated
S(H)128_aug_2.jpg,heated
S(H)128_aug_3.jpg,heated
S(H)128_aug_4.jpg,heated
S(H)129.jpg,heated
S(H)129_aug_1.jpg,heated
S(H)129_aug_2.jpg,heated
S(H)129_aug_3.jpg,heated
S(H)129_aug_4.jpg,heated
S(H)130.jpg,heated
S(H)130_aug_1.jpg,heated
S(H)130_aug_2.jpg,heated
S(H)130_aug_3.jpg,heated
S(H)130_aug_4.jpg,heated
S(H)131.jpg,heated
S(H)131_aug_1.jpg,heated
S(H)131_aug_2.jpg,heated
S(H)131_aug_3.jpg,heated
S(H)131_aug_4.jpg,heated
S(H)132.jpg,heated
S(H)132_aug_1.jpg,heated
S(H)132_aug_2.jpg,heated
S(H)132_aug_3.jpg,heated
S(H)132_aug_4.jpg,heated
S(H)133.jpg,heated
S(H)133_aug_1.jpg,heated
S(H)133_aug_2.jpg,heated
S(H)133_aug_3.jpg,heated
S(H)133_aug_4.jpg,heated
S(H)134.jpg,heated
S(H)134_aug_1.jpg,heated
S(H)134_aug_2.jpg,heated
S(H)134_aug_3.jpg,heated
S(H)134_aug_4.jpg,heated
S(H)135.jpg,heated
S(H)135_aug_1.jpg,heated
S(H)135_aug_2.jpg,heated
S(H)135_aug_3.jpg,heated
S(H)135_aug_4.jpg,heated
S(H)136.jpg,heated
S(H)136_aug_1.jpg,heated
S(H)136_aug_2.jpg,heated
S(H)136_aug_3.jpg,heated
S(H)136_aug_4.jpg,heated
S(H)137.jpg,heated
S(H)137_aug_1.jpg,heated
S(H)137_aug_2.jpg,heated
S(H)137_aug_3.jpg,heated
S(H)137_aug_4.jpg,heated
S(H)138.jpg,heated
S(H)138_aug_1.jpg,heated
S(H)138_aug_2.jpg,heated
S(H)138_aug_3.jpg,heated
S(H)138_aug_4.jpg,heated
S(H)139.jpg,heated
S(H)139_aug_1.jpg,heated
S(H)139_aug_2.jpg,heated
S(H)139_aug_3.jpg,heated
S(H)139_aug_4.jpg,heated
S(H)140.jpg,heated
S(H)140_aug_1.jpg,heated
S(H)140_aug_2.jpg,heated
S(H)140_aug_3.jpg,heated
S(H)140_aug_4.jpg,heated
S(H)141.jpg,heated
S(H)141_aug_1.jpg,heated
S(H)141_aug_2.jpg,heated
S(H)141_aug_3.jpg,heated
S(H)141_aug_4.jpg,heated
S(H)142.jpg,heated
S(H)142_aug_1.jpg,heated
S(H)142_aug_2.jpg,heated
S(H)142_aug_3.jpg,heated
S(H)142_aug_4.jpg,heated
S(H)143.jpg,heated
S(H)143_aug_1.jpg,heated
S(H)143_aug_2.jpg,heated
S(H)143_aug_3.jpg,heated
S(H)143_aug_4.jpg,heated
S(H)144.jpg,heated
S(H)144_aug_1.jpg,heated
S(H)144_aug_2.jpg,heated
S(H)144_aug_3.jpg,heated
S(H)144_aug_4.jpg,heated
S(H)145.jpg,heated
S(H)145_aug_1.jpg,heated
S(H)145_aug_2.jpg,heated
S(H)145_aug_3.jpg,heated
S(H)145_aug_4.jpg,heated
S(H)146.jpg,heated
S(H)146_aug_1.jpg,heated
S(H)146_aug_2.jpg,heated
S(H)146_aug_3.jpg,heated
S(H)146_aug_4.jpg,heated
S(H)147.jpg,heated
S(H)147_aug_1.jpg,heated
S(H)147_aug_2.jpg,heated
S(H)147_aug_3.jpg,heated
S(H)147_aug_4.jpg,heated
S(H)148.jpg,heated
S(H)148_aug_1.jpg,heated
S(H)148_aug_2.jpg,heated
S(H)148_aug_3.jpg,heated
S(H)148_aug_4.jpg,heated
S(H)149.jpg,heated
S(H)149_aug_1.jpg,heated
S(H)149_aug_2.jpg,heated
S(H)149_aug_3.jpg,heated
S(H)149_aug_4.jpg,heated
S(H)150.jpg,heated
S(H)150_aug_1.jpg,heated
S(H)150_aug_2.jpg,heated
S(H)150_aug_3.jpg,heated
S(H)150_aug_4.jpg,heated
S(H)151.jpg,heated
S(H)151_aug_1.jpg,heated
S(H)151_aug_2.jpg,heated
S(H)151_aug_3.jpg,heated
S(H)151_aug_4.jpg,heated
S(H)152.jpg,heated
S(H)152_aug_1.jpg,heated
S(H)152_aug_2.jpg,heated
S(H)152_aug_3.jpg,heated
S(H)152_aug_4.jpg,heated
S(H)153.jpg,heated
S(H)153_aug_1.jpg,heated
S(H)153_aug_2.jpg,heated
S(H)153_aug_3.jpg,heated
S(H)153_aug_4.jpg,heated
S(S)1.jpg,synthetic
S(S)1_aug_1.jpg,synthetic
S(S)1_aug_2.jpg,synthetic
S(S)1_aug_3.jpg,synthetic
S(S)1_aug_4.jpg,synthetic
S(S)2.jpg,synthetic
S(S)2_aug_1.jpg,synthetic
S(S)2_aug_2.jpg,synthetic
S(S)2_aug_3.jpg,synthetic
S(S)2_aug_4.jpg,synthetic
S(S)3.jpg,synthetic
S(S)3_aug_1.jpg,synthetic
S(S)3_aug_2.jpg,synthetic
S(S)3_aug_3.jpg,synthetic
S(S)3_aug_4.jpg,synthetic
S(S)4.jpg,synthetic
S(S)4_aug_1.jpg,synthetic
S(S)4_aug_2.jpg,synthetic
S(S)4_aug_3.jpg,synthetic
S(S)4_aug_4.jpg,synthetic
S(S)5.jpg,synthetic
S(S)5_aug_1.jpg,synthetic
S(S)5_aug_2.jpg,synthetic
S(S)5_aug_3.jpg,synthetic
S(S)5_aug_4.jpg,synthetic
S(S)6.jpg,synthetic
S(S)6_aug_1.jpg,synthetic
S(S)6_aug_2.jpg,synthetic
S(S)6_aug_3.jpg,synthetic
S(S)6_aug_4.jpg,synthetic
S(S)7.jpg,synthetic
S(S)7_aug_1.jpg,synthetic
S(S)7_aug_2.jpg,synthetic
S(S)7_aug_3.jpg,synthetic
S(S)7_aug_4.jpg,synthetic
S(S)8.jpg,synthetic
S(S)8_aug_1.jpg,synthetic
S(S)8_aug_2.jpg,synthetic
S(S)8_aug_3.jpg,synthetic
S(S)8_aug_4.jpg,synthetic
S(S)9.jpg,synthetic
S(S)9_aug_1.jpg,synthetic
S(S)9_aug_2.jpg,synthetic
S(S)9_aug_3.jpg,synthetic
S(S)9_aug_4.jpg,synthetic
S(S)10.jpg,synthetic
S(S)10_aug_1.jpg,synthetic
S(S)10_aug_2.jpg,synthetic
S(S)10_aug_3.jpg,synthetic
S(S)10_aug_4.jpg,synthetic
S(S)11.jpg,synthetic
S(S)11_aug_1.jpg,synthetic
S(S)11_aug_2.jpg,synthetic
S(S)11_aug_3.jpg,synthetic
S(S)11_aug_4.jpg,synthetic
S(S)12.jpg,synthetic
S(S)12_aug_1.jpg,synthetic
S(S)12_aug_2.jpg,synthetic
S(S)12_aug_3.jpg,synthetic
S(S)12_aug_4.jpg,synthetic
S(S)13.jpg,synthetic
S(S)13_aug_1.jpg,synthetic
S(S)13_aug_2.jpg,synthetic
S(S)13_aug_3.jpg,synthetic
S(S)13_aug_4.jpg,synthetic
S(S)14.jpg,synthetic
S(S)14_aug_1.jpg,synthetic
S(S)14_aug_2.jpg,synthetic
S(S)14_aug_3.jpg,synthetic
S(S)14_aug_4.jpg,synthetic
S(S)15.jpg,synthetic
S(S)15_aug_1.jpg,synthetic
S(S)15_aug_2.jpg,synthetic
S(S)15_aug_3.jpg,synthetic
S(S)15_aug_4.jpg,synthetic
S(S)16.jpg,synthetic
S(S)16_aug_1.jpg,synthetic
S(S)16_aug_2.jpg,synthetic
S(S)16_aug_3.jpg,synthetic
S(S)16_aug_4.jpg,synthetic
S(S)17.jpg,synthetic
S(S)17_aug_1.jpg,synthetic
S(S)17_aug_2.jpg,synthetic
S(S)17_aug_3.jpg,synthetic
S(S)17_aug_4.jpg,synthetic
S(S)18.jpg,synthetic
S(S)18_aug_1.jpg,synthetic
S(S)18_aug_2.jpg,synthetic
S(S)18_aug_3.jpg,synthetic
S(S)18_aug_4.jpg,synthetic
S(S)19.jpg,synthetic
S(S)19_aug_1.jpg,synthetic
S(S)19_aug_2.jpg,synthetic
S(S)19_aug_3.jpg,synthetic
S(S)19_aug_4.jpg,synthetic
S(S)20.jpg,synthetic
S(S)20_aug_1.jpg,synthetic
S(S)20_aug_2.jpg,synthetic
S(S)20_aug_3.jpg,synthetic
S(S)20_aug_4.jpg,synthetic
S(S)21.jpg,synthetic
S(S)21_aug_1.jpg,synthetic
S(S)21_aug_2.jpg,synthetic
S(S)21_aug_3.jpg,synthetic
S(S)21_aug_4.jpg,synthetic
S(S)22.jpg,synthetic
S(S)22_aug_1.jpg,synthetic
S(S)22_aug_2.jpg,synthetic
S(S)22_aug_3.jpg,synthetic
S(S)22_aug_4.jpg,synthetic
S(S)23.jpg,synthetic
S(S)23_aug_1.jpg,synthetic
S(S)23_aug_2.jpg,synthetic
S(S)23_aug_3.jpg,synthetic
S(S)23_aug_4.jpg,synthetic
S(S)24.jpg,synthetic
S(S)24_aug_1.jpg,synthetic
S(S)24_aug_2.jpg,synthetic
S(S)24_aug_3.jpg,synthetic
S(S)24_aug_4.jpg,synthetic
S(S)25.jpg,synthetic
S(S)25_aug_1.jpg,synthetic
S(S)25_aug_2.jpg,synthetic
S(S)25_aug_3.jpg,synthetic
S(S)25_aug_4.jpg,synthetic
S(S)26.jpg,synthetic
S(S)26_aug_1.jpg,synthetic
S(S)26_aug_2.jpg,synthetic
S(S)26_aug_3.jpg,synthetic
S(S)26_aug_4.jpg,synthetic
S(S)27.jpg,synthetic
S(S)27_aug_1.jpg,synthetic
S(S)27_aug_2.jpg,synthetic
S(S)27_aug_3.jpg,synthetic
S(S)27_aug_4.jpg,synthetic
S(S)28.jpg,synthetic
S(S)28_aug_1.jpg,synthetic
S(S)28_aug_2.jpg,synthetic
S(S)28_aug_3.jpg,synthetic
S(S)28_aug_4.jpg,synthetic
S(S)29.jpg,synthetic
S(S)29_aug_1.jpg,synthetic
S(S)29_aug_2.jpg,synthetic
S(S)29_aug_3.jpg,synthetic
S(S)29_aug_4.jpg,synthetic
S(S)30.jpg,synthetic
S(S)30_aug_1.jpg,synthetic
S(S)30_aug_2.jpg,synthetic
S(S)30_aug_3.jpg,synthetic
S(S)30_aug_4.jpg,synthetic
S(S)31.jpg,synthetic
S(S)31_aug_1.jpg,synthetic
S(S)31_aug_2.jpg,synthetic
S(S)31_aug_3.jpg,synthetic
S(S)31_aug_4.jpg,synthetic
S(S)32.jpg,synthetic
S(S)32_aug_1.jpg,synthetic
S(S)32_aug_2.jpg,synthetic
S(S)32_aug_3.jpg,synthetic
S(S)32_aug_4.jpg,synthetic
S(S)33.jpg,synthetic
S(S)33_aug_1.jpg,synthetic
S(S)33_aug_2.jpg,synthetic
S(S)33_aug_3.jpg,synthetic
S(S)33_aug_4.jpg,synthetic
S(S)34.jpg,synthetic
S(S)34_aug_1.jpg,synthetic
S(S)34_aug_2.jpg,synthetic
S(S)34_aug_3.jpg,synthetic
S(S)34_aug_4.jpg,synthetic
S(S)35.jpg,synthetic
S(S)35_aug_1.jpg,synthetic
S(S)35_aug_2.jpg,synthetic
S(S)35_aug_3.jpg,synthetic
S(S)35_aug_4.jpg,synthetic
S(S)36.jpg,synthetic
S(S)36_aug_1.jpg,synthetic
S(S)36_aug_2.jpg,synthetic
S(S)36_aug_3.jpg,synthetic
S(S)36_aug_4.jpg,synthetic
S(S)37.jpg,synthetic
S(S)37_aug_1.jpg,synthetic
S(S)37_aug_2.jpg,synthetic
S(S)37_aug_3.jpg,synthetic
S(S)37_aug_4.jpg,synthetic
S(S)38.jpg,synthetic
S(S)38_aug_1.jpg,synthetic
S(S)38_aug_2.jpg,synthetic
S(S)38_aug_3.jpg,synthetic
S(S)38_aug_4.jpg,synthetic
S(S)39.jpg,synthetic
S(S)39_aug_1.jpg,synthetic
S(S)39_aug_2.jpg,synthetic
S(S)39_aug_3.jpg,synthetic
S(S)39_aug_4.jpg,synthetic
S(S)40.jpg,synthetic
S(S)40_aug_1.jpg,synthetic
S(S)40_aug_2.jpg,synthetic
S(S)40_aug_3.jpg,synthetic
S(S)40_aug_4.jpg,synthetic
S(S)41.jpg,synthetic
S(S)41_aug_1.jpg,synthetic
S(S)41_aug_2.jpg,synthetic
S(S)41_aug_3.jpg,synthetic
S(S)41_aug_4.jpg,synthetic
S(S)42.jpg,synthetic
S(S)42_aug_1.jpg,synthetic
S(S)42_aug_2.jpg,synthetic
S(S)42_aug_3.jpg,synthetic
S(S)42_aug_4.jpg,synthetic
S(S)43.jpg,synthetic
S(S)43_aug_1.jpg,synthetic
S(S)43_aug_2.jpg,synthetic
S(S)43_aug_3.jpg,synthetic
S(S)43_aug_4.jpg,synthetic
S(S)44.jpg,synthetic
S(S)44_aug_1.jpg,synthetic
S(S)44_aug_2.jpg,synthetic
S(S)44_aug_3.jpg,synthetic
S(S)44_aug_4.jpg,synthetic
S(S)45.jpg,synthetic
S(S)45_aug_1.jpg,synthetic
S(S)45_aug_2.jpg,synthetic
S(S)45_aug_3.jpg,synthetic
S(S)45_aug_4.jpg,synthetic
S(S)46.jpg,synthetic
S(S)46_aug_1.jpg,synthetic
S(S)46_aug_2.jpg,synthetic
S(S)46_aug_3.jpg,synthetic
S(S)46_aug_4.jpg,synthetic
S(S)47.jpg,synthetic
S(S)47_aug_1.jpg,synthetic
S(S)47_aug_2.jpg,synthetic
S(S)47_aug_3.jpg,synthetic
S(S)47_aug_4.jpg,synthetic
S(S)48.jpg,synthetic
S(S)48_aug_1.jpg,synthetic
S(S)48_aug_2.jpg,synthetic
S(S)48_aug_3.jpg,synthetic
S(S)48_aug_4.jpg,synthetic
S(S)49.jpg,synthetic
S(S)49_aug_1.jpg,synthetic
S(S)49_aug_2.jpg,synthetic
S(S)49_aug_3.jpg,synthetic
S(S)49_aug_4.jpg,synthetic
S(S)50.jpg,synthetic
S(S)50_aug_1.jpg,synthetic
S(S)50_aug_2.jpg,synthetic
S(S)50_aug_3.jpg,synthetic
S(S)50_aug_4.jpg,synthetic
S(S)51.jpg,synthetic
S(S)51_aug_1.jpg,synthetic
S(S)51_aug_2.jpg,synthetic
S(S)51_aug_3.jpg,synthetic
S(S)51_aug_4.jpg,synthetic
S(S)52.jpg,synthetic
S(S)52_aug_1.jpg,synthetic
S(S)52_aug_2.jpg,synthetic
S(S)52_aug_3.jpg,synthetic
S(S)52_aug_4.jpg,synthetic
S(S)53.jpg,synthetic
S(S)53_aug_1.jpg,synthetic
S(S)53_aug_2.jpg,synthetic
S(S)53_aug_3.jpg,synthetic
S(S)53_aug_4.jpg,synthetic
S(S)54.jpg,synthetic
S(S)54_aug_1.jpg,synthetic
S(S)54_aug_2.jpg,synthetic
S(S)54_aug_3.jpg,synthetic
S(S)54_aug_4.jpg,synthetic
S(S)55.jpg,synthetic
S(S)55_aug_1.jpg,synthetic
S(S)55_aug_2.jpg,synthetic
S(S)55_aug_3.jpg,synthetic
S(S)55_aug_4.jpg,synthetic
S(S)56.jpg,synthetic
S(S)56_aug_1.jpg,synthetic
S(S)56_aug_2.jpg,synthetic
S(S)56_aug_3.jpg,synthetic
S(S)56_aug_4.jpg,synthetic
S(S)57.jpg,synthetic
S(S)57_aug_1.jpg,synthetic
S(S)57_aug_2.jpg,synthetic
S(S)57_aug_3.jpg,synthetic
S(S)57_aug_4.jpg,synthetic
S(S)58.jpg,synthetic
S(S)58_aug_1.jpg,synthetic
S(S)58_aug_2.jpg,synthetic
S(S)58_aug_3.jpg,synthetic
S(S)58_aug_4.jpg,synthetic
S(S)59.jpg,synthetic
S(S)59_aug_1.jpg,synthetic
S(S)59_aug_2.jpg,synthetic
S(S)59_aug_3.jpg,synthetic
S(S)59_aug_4.jpg,synthetic
S(S)60.jpg,synthetic
S(S)60_aug_1.jpg,synthetic
S(S)60_aug_2.jpg,synthetic
S(S)60_aug_3.jpg,synthetic
S(S)60_aug_4.jpg,synthetic
S(S)61.jpg,synthetic
S(S)61_aug_1.jpg,synthetic
S(S)61_aug_2.jpg,synthetic
S(S)61_aug_3.jpg,synthetic
S(S)61_aug_4.jpg,synthetic
S(S)62.jpg,synthetic
S(S)62_aug_1.jpg,synthetic
S(S)62_aug_2.jpg,synthetic
S(S)62_aug_3.jpg,synthetic
S(S)62_aug_4.jpg,synthetic
S(S)63.jpg,synthetic
S(S)63_aug_1.jpg,synthetic
S(S)63_aug_2.jpg,synthetic
S(S)63_aug_3.jpg,synthetic
S(S)63_aug_4.jpg,synthetic
S(S)64.jpg,synthetic
S(S)64_aug_1.jpg,synthetic
S(S)64_aug_2.jpg,synthetic
S(S)64_aug_3.jpg,synthetic
S(S)64_aug_4.jpg,synthetic
S(S)65.jpg,synthetic
S(S)65_aug_1.jpg,synthetic
S(S)65_aug_2.jpg,synthetic
S(S)65_aug_3.jpg,synthetic
S(S)65_aug_4.jpg,synthetic
